section_id,quality_filter,file,0/1_count,1/1_count,total_changed_genotypes,beagle_predicted_variance,beagle_predicted_no_variance,total
P4_TUMOR_1,baseQ0mapQ0,mpileup_output,268211,300731,,,,
P4_TUMOR_1,baseQ0mapQ0,beagle_filtered_in,8761,34813,,,,
P4_TUMOR_1,baseQ0mapQ0,beagle_filtered_out,259450,265918,,,,
P4_TUMOR_1,baseQ0mapQ0,seq_error,75207,0,,,,
P4_TUMOR_1,baseQ0mapQ0,seq_no_error,184243,265918,,,,
P4_TUMOR_1,baseQ0mapQ0,svm1_high_conf,30841,262666,,,,
P4_TUMOR_1,baseQ0mapQ0,svm1_low_conf,153402,3252,,,,
P4_TUMOR_1,baseQ0mapQ0,svm2_high_conf,0,0,,,,
P4_TUMOR_1,baseQ0mapQ0,svm2_low_conf,0,0,,,,
P4_TUMOR_1,baseQ0mapQ0,shifted_counts,,,,,,
P4_TUMOR_1,baseQ0mapQ0,stable_counts,,,,,,
P4_TUMOR_1,baseQ0mapQ0,shifted_transition_counts,,,,0,0,
P4_TUMOR_1,baseQ0mapQ0,stable_transition_counts,,,,0,0,
P4_TUMOR_1,baseQ0mapQ0,final_kept,0,0,,,,0
P6_TUMOR_1,baseQ13mapQ20,mpileup_output,710331,619909,,,,
P6_TUMOR_1,baseQ13mapQ20,beagle_filtered_in,21421,97488,,,,
P6_TUMOR_1,baseQ13mapQ20,beagle_filtered_out,688910,522421,,,,
P6_TUMOR_1,baseQ13mapQ20,seq_error,186869,0,,,,
P6_TUMOR_1,baseQ13mapQ20,seq_no_error,502041,522421,,,,
P6_TUMOR_1,baseQ13mapQ20,svm1_high_conf,0,0,,,,
P6_TUMOR_1,baseQ13mapQ20,svm1_low_conf,0,0,,,,
P6_TUMOR_1,baseQ13mapQ20,svm2_high_conf,0,0,,,,
P6_TUMOR_1,baseQ13mapQ20,svm2_low_conf,0,0,,,,
P6_TUMOR_1,baseQ13mapQ20,shifted_counts,,,,,,
P6_TUMOR_1,baseQ13mapQ20,stable_counts,,,,,,
P6_TUMOR_1,baseQ13mapQ20,shifted_transition_counts,,,,0,0,
P6_TUMOR_1,baseQ13mapQ20,stable_transition_counts,,,,0,0,
P6_TUMOR_1,baseQ13mapQ20,final_kept,0,0,,,,0
