section,donor,modality,run,seed,ari,status,ari_file
151507,donor_1,matched_presence_unitnorm_mech_bin250kb,0,0,,mclust failed at G=7 on a rank-15 embedding: model 'EEE' and default model search both failed,
151507,donor_1,matched_presence_unitnorm_mech_bin250kb,1,1,,mclust failed at G=7 on a rank-13 embedding: model 'EEE' and default model search both failed,
151507,donor_1,matched_presence_unitnorm_mech_bin250kb,2,2,,degenerate embedding: effective rank 2 < G=7 (condition number 3.4e+04). Refusing to fit -- a 7-component mixture in 2 dimensions is not a meaningful clustering. See the degeneracy note in this function and PAPER_PLAN.md 4.1.,
151507,donor_1,matched_presence_unitnorm_mech_bin250kb,3,3,,mclust failed at G=7 on a rank-10 embedding: model 'EEE' and default model search both failed,
151507,donor_1,matched_presence_unitnorm_mech_bin250kb,4,4,,mclust failed at G=7 on a rank-20 embedding: model 'EEE' and default model search both failed,
151507,donor_1,depth_total_unitnorm_mech_bin250kb,0,0,,mclust failed at G=7 on a rank-23 embedding: model 'EEE' and default model search both failed,
151507,donor_1,depth_total_unitnorm_mech_bin250kb,1,1,,mclust failed at G=7 on a rank-11 embedding: model 'EEE' and default model search both failed,
151507,donor_1,depth_total_unitnorm_mech_bin250kb,2,2,,mclust failed at G=7 on a rank-23 embedding: model 'EEE' and default model search both failed,
151507,donor_1,depth_total_unitnorm_mech_bin250kb,3,3,,degenerate embedding: effective rank 4 < G=7 (condition number 0.0323). Refusing to fit -- a 7-component mixture in 4 dimensions is not a meaningful clustering. See the degeneracy note in this function and PAPER_PLAN.md 4.1.,
151507,donor_1,depth_total_unitnorm_mech_bin250kb,4,4,,mclust failed at G=7 on a rank-24 embedding: model 'EEE' and default model search both failed,
151507,donor_1,expr_panel_projected_unitnorm_mech_bin250kb,0,0,,mclust failed at G=7 on a rank-9 embedding: model 'EEE' and default model search both failed,
151507,donor_1,expr_panel_projected_unitnorm_mech_bin250kb,1,1,,mclust failed at G=7 on a rank-10 embedding: model 'EEE' and default model search both failed,
151507,donor_1,expr_panel_projected_unitnorm_mech_bin250kb,2,2,,mclust failed at G=7 on a rank-7 embedding: model 'EEE' and default model search both failed,
151507,donor_1,expr_panel_projected_unitnorm_mech_bin250kb,3,3,,mclust failed at G=7 on a rank-13 embedding: model 'EEE' and default model search both failed,
151507,donor_1,expr_panel_projected_unitnorm_mech_bin250kb,4,4,,degenerate embedding: effective rank 2 < G=7 (condition number 2.48e+03). Refusing to fit -- a 7-component mixture in 2 dimensions is not a meaningful clustering. See the degeneracy note in this function and PAPER_PLAN.md 4.1.,
151507,donor_1,depth_total_resid_unitnorm_mech_bin250kb,0,0,,mclust failed at G=7 on a rank-12 embedding: model 'EEE' and default model search both failed,
151507,donor_1,depth_total_resid_unitnorm_mech_bin250kb,1,1,,mclust failed at G=7 on a rank-24 embedding: model 'EEE' and default model search both failed,
151507,donor_1,depth_total_resid_unitnorm_mech_bin250kb,2,2,,mclust failed at G=7 on a rank-20 embedding: model 'EEE' and default model search both failed,
151507,donor_1,depth_total_resid_unitnorm_mech_bin250kb,3,3,,mclust failed at G=7 on a rank-24 embedding: model 'EEE' and default model search both failed,
151507,donor_1,depth_total_resid_unitnorm_mech_bin250kb,4,4,,degenerate embedding: effective rank 4 < G=7 (condition number 0.306). Refusing to fit -- a 7-component mixture in 4 dimensions is not a meaningful clustering. See the degeneracy note in this function and PAPER_PLAN.md 4.1.,
151507,donor_1,matched_presence_unitnorm_scaled_mech_bin250kb,0,0,0.3563505522083063,ok,/panfs/accrepfs.vampire/data/maiziezhou_lab/leiy4/snv_calling/data/dlpfc_spatial_signal_mechanism_2026-08-26/151507/clustering/matched_presence_unitnorm_scaled_mech_bin250kb/run0/ari.txt
151507,donor_1,matched_presence_unitnorm_scaled_mech_bin250kb,1,1,0.2935523501379687,ok,/panfs/accrepfs.vampire/data/maiziezhou_lab/leiy4/snv_calling/data/dlpfc_spatial_signal_mechanism_2026-08-26/151507/clustering/matched_presence_unitnorm_scaled_mech_bin250kb/run1/ari.txt
151507,donor_1,matched_presence_unitnorm_scaled_mech_bin250kb,2,2,0.3425936070900034,ok,/panfs/accrepfs.vampire/data/maiziezhou_lab/leiy4/snv_calling/data/dlpfc_spatial_signal_mechanism_2026-08-26/151507/clustering/matched_presence_unitnorm_scaled_mech_bin250kb/run2/ari.txt
151507,donor_1,matched_presence_unitnorm_scaled_mech_bin250kb,3,3,0.2798716100600578,ok,/panfs/accrepfs.vampire/data/maiziezhou_lab/leiy4/snv_calling/data/dlpfc_spatial_signal_mechanism_2026-08-26/151507/clustering/matched_presence_unitnorm_scaled_mech_bin250kb/run3/ari.txt
151507,donor_1,matched_presence_unitnorm_scaled_mech_bin250kb,4,4,0.2431608549329982,ok,/panfs/accrepfs.vampire/data/maiziezhou_lab/leiy4/snv_calling/data/dlpfc_spatial_signal_mechanism_2026-08-26/151507/clustering/matched_presence_unitnorm_scaled_mech_bin250kb/run4/ari.txt
151507,donor_1,depth_total_unitnorm_scaled_mech_bin250kb,0,0,0.3996757681005068,ok,/panfs/accrepfs.vampire/data/maiziezhou_lab/leiy4/snv_calling/data/dlpfc_spatial_signal_mechanism_2026-08-26/151507/clustering/depth_total_unitnorm_scaled_mech_bin250kb/run0/ari.txt
151507,donor_1,depth_total_unitnorm_scaled_mech_bin250kb,1,1,0.2829075198201014,ok,/panfs/accrepfs.vampire/data/maiziezhou_lab/leiy4/snv_calling/data/dlpfc_spatial_signal_mechanism_2026-08-26/151507/clustering/depth_total_unitnorm_scaled_mech_bin250kb/run1/ari.txt
151507,donor_1,depth_total_unitnorm_scaled_mech_bin250kb,2,2,0.2926215760742099,ok,/panfs/accrepfs.vampire/data/maiziezhou_lab/leiy4/snv_calling/data/dlpfc_spatial_signal_mechanism_2026-08-26/151507/clustering/depth_total_unitnorm_scaled_mech_bin250kb/run2/ari.txt
151507,donor_1,depth_total_unitnorm_scaled_mech_bin250kb,3,3,0.3824317292272024,ok,/panfs/accrepfs.vampire/data/maiziezhou_lab/leiy4/snv_calling/data/dlpfc_spatial_signal_mechanism_2026-08-26/151507/clustering/depth_total_unitnorm_scaled_mech_bin250kb/run3/ari.txt
151507,donor_1,depth_total_unitnorm_scaled_mech_bin250kb,4,4,0.4190365443178301,ok,/panfs/accrepfs.vampire/data/maiziezhou_lab/leiy4/snv_calling/data/dlpfc_spatial_signal_mechanism_2026-08-26/151507/clustering/depth_total_unitnorm_scaled_mech_bin250kb/run4/ari.txt
151507,donor_1,expr_panel_projected_unitnorm_scaled_mech_bin250kb,0,0,0.5520299278840274,ok,/panfs/accrepfs.vampire/data/maiziezhou_lab/leiy4/snv_calling/data/dlpfc_spatial_signal_mechanism_2026-08-26/151507/clustering/expr_panel_projected_unitnorm_scaled_mech_bin250kb/run0/ari.txt
151507,donor_1,expr_panel_projected_unitnorm_scaled_mech_bin250kb,1,1,0.5078781474776265,ok,/panfs/accrepfs.vampire/data/maiziezhou_lab/leiy4/snv_calling/data/dlpfc_spatial_signal_mechanism_2026-08-26/151507/clustering/expr_panel_projected_unitnorm_scaled_mech_bin250kb/run1/ari.txt
151507,donor_1,expr_panel_projected_unitnorm_scaled_mech_bin250kb,2,2,0.56759659273191,ok,/panfs/accrepfs.vampire/data/maiziezhou_lab/leiy4/snv_calling/data/dlpfc_spatial_signal_mechanism_2026-08-26/151507/clustering/expr_panel_projected_unitnorm_scaled_mech_bin250kb/run2/ari.txt
151507,donor_1,expr_panel_projected_unitnorm_scaled_mech_bin250kb,3,3,0.5265185776894643,ok,/panfs/accrepfs.vampire/data/maiziezhou_lab/leiy4/snv_calling/data/dlpfc_spatial_signal_mechanism_2026-08-26/151507/clustering/expr_panel_projected_unitnorm_scaled_mech_bin250kb/run3/ari.txt
151507,donor_1,expr_panel_projected_unitnorm_scaled_mech_bin250kb,4,4,0.5664901812844887,ok,/panfs/accrepfs.vampire/data/maiziezhou_lab/leiy4/snv_calling/data/dlpfc_spatial_signal_mechanism_2026-08-26/151507/clustering/expr_panel_projected_unitnorm_scaled_mech_bin250kb/run4/ari.txt
151507,donor_1,depth_total_resid_unitnorm_scaled_mech_bin250kb,0,0,0.1790725982161859,ok,/panfs/accrepfs.vampire/data/maiziezhou_lab/leiy4/snv_calling/data/dlpfc_spatial_signal_mechanism_2026-08-26/151507/clustering/depth_total_resid_unitnorm_scaled_mech_bin250kb/run0/ari.txt
151507,donor_1,depth_total_resid_unitnorm_scaled_mech_bin250kb,1,1,0.1970031146022071,ok,/panfs/accrepfs.vampire/data/maiziezhou_lab/leiy4/snv_calling/data/dlpfc_spatial_signal_mechanism_2026-08-26/151507/clustering/depth_total_resid_unitnorm_scaled_mech_bin250kb/run1/ari.txt
151507,donor_1,depth_total_resid_unitnorm_scaled_mech_bin250kb,2,2,0.1714413867838445,ok,/panfs/accrepfs.vampire/data/maiziezhou_lab/leiy4/snv_calling/data/dlpfc_spatial_signal_mechanism_2026-08-26/151507/clustering/depth_total_resid_unitnorm_scaled_mech_bin250kb/run2/ari.txt
151507,donor_1,depth_total_resid_unitnorm_scaled_mech_bin250kb,3,3,0.1885712422671414,ok,/panfs/accrepfs.vampire/data/maiziezhou_lab/leiy4/snv_calling/data/dlpfc_spatial_signal_mechanism_2026-08-26/151507/clustering/depth_total_resid_unitnorm_scaled_mech_bin250kb/run3/ari.txt
151507,donor_1,depth_total_resid_unitnorm_scaled_mech_bin250kb,4,4,0.1839118382861075,ok,/panfs/accrepfs.vampire/data/maiziezhou_lab/leiy4/snv_calling/data/dlpfc_spatial_signal_mechanism_2026-08-26/151507/clustering/depth_total_resid_unitnorm_scaled_mech_bin250kb/run4/ari.txt
151507,donor_1,rna_capture_covariates_mech,0,0,,degenerate embedding: effective rank 6 < G=7 (condition number 3.19e+14). Refusing to fit -- a 7-component mixture in 6 dimensions is not a meaningful clustering. See the degeneracy note in this function and PAPER_PLAN.md 4.1.,
151507,donor_1,rna_capture_covariates_mech,1,1,,degenerate embedding: effective rank 6 < G=7 (condition number 2.72e+14). Refusing to fit -- a 7-component mixture in 6 dimensions is not a meaningful clustering. See the degeneracy note in this function and PAPER_PLAN.md 4.1.,
151507,donor_1,rna_capture_covariates_mech,2,2,,degenerate embedding: effective rank 6 < G=7 (condition number 3.73e+14). Refusing to fit -- a 7-component mixture in 6 dimensions is not a meaningful clustering. See the degeneracy note in this function and PAPER_PLAN.md 4.1.,
151507,donor_1,rna_capture_covariates_mech,3,3,,degenerate embedding: effective rank 5 < G=7 (condition number 2.07e+14). Refusing to fit -- a 7-component mixture in 5 dimensions is not a meaningful clustering. See the degeneracy note in this function and PAPER_PLAN.md 4.1.,
151507,donor_1,rna_capture_covariates_mech,4,4,,degenerate embedding: effective rank 5 < G=7 (condition number 1.54e+14). Refusing to fit -- a 7-component mixture in 5 dimensions is not a meaningful clustering. See the degeneracy note in this function and PAPER_PLAN.md 4.1.,
151507,donor_1,panel_capture_covariates_mech,0,0,0.1454941584253435,ok,/panfs/accrepfs.vampire/data/maiziezhou_lab/leiy4/snv_calling/data/dlpfc_spatial_signal_mechanism_2026-08-26/151507/clustering/panel_capture_covariates_mech/run0/ari.txt
151507,donor_1,panel_capture_covariates_mech,1,1,0.1321215162035789,ok,/panfs/accrepfs.vampire/data/maiziezhou_lab/leiy4/snv_calling/data/dlpfc_spatial_signal_mechanism_2026-08-26/151507/clustering/panel_capture_covariates_mech/run1/ari.txt
151507,donor_1,panel_capture_covariates_mech,2,2,0.1316104539621766,ok,/panfs/accrepfs.vampire/data/maiziezhou_lab/leiy4/snv_calling/data/dlpfc_spatial_signal_mechanism_2026-08-26/151507/clustering/panel_capture_covariates_mech/run2/ari.txt
151507,donor_1,panel_capture_covariates_mech,3,3,0.1204984060915985,ok,/panfs/accrepfs.vampire/data/maiziezhou_lab/leiy4/snv_calling/data/dlpfc_spatial_signal_mechanism_2026-08-26/151507/clustering/panel_capture_covariates_mech/run3/ari.txt
151507,donor_1,panel_capture_covariates_mech,4,4,0.1389810903127456,ok,/panfs/accrepfs.vampire/data/maiziezhou_lab/leiy4/snv_calling/data/dlpfc_spatial_signal_mechanism_2026-08-26/151507/clustering/panel_capture_covariates_mech/run4/ari.txt
151507,donor_1,combined_capture_covariates_mech,0,0,0.1718820435673348,ok,/panfs/accrepfs.vampire/data/maiziezhou_lab/leiy4/snv_calling/data/dlpfc_spatial_signal_mechanism_2026-08-26/151507/clustering/combined_capture_covariates_mech/run0/ari.txt
151507,donor_1,combined_capture_covariates_mech,1,1,0.1426925048980012,ok,/panfs/accrepfs.vampire/data/maiziezhou_lab/leiy4/snv_calling/data/dlpfc_spatial_signal_mechanism_2026-08-26/151507/clustering/combined_capture_covariates_mech/run1/ari.txt
151507,donor_1,combined_capture_covariates_mech,2,2,0.1629982921122114,ok,/panfs/accrepfs.vampire/data/maiziezhou_lab/leiy4/snv_calling/data/dlpfc_spatial_signal_mechanism_2026-08-26/151507/clustering/combined_capture_covariates_mech/run2/ari.txt
151507,donor_1,combined_capture_covariates_mech,3,3,0.1504887952145605,ok,/panfs/accrepfs.vampire/data/maiziezhou_lab/leiy4/snv_calling/data/dlpfc_spatial_signal_mechanism_2026-08-26/151507/clustering/combined_capture_covariates_mech/run3/ari.txt
151507,donor_1,combined_capture_covariates_mech,4,4,0.135703773539933,ok,/panfs/accrepfs.vampire/data/maiziezhou_lab/leiy4/snv_calling/data/dlpfc_spatial_signal_mechanism_2026-08-26/151507/clustering/combined_capture_covariates_mech/run4/ari.txt
151507,donor_1,rna_capture_spline_mech,0,0,,degenerate embedding: effective rank 5 < G=7 (condition number 2.63e+14). Refusing to fit -- a 7-component mixture in 5 dimensions is not a meaningful clustering. See the degeneracy note in this function and PAPER_PLAN.md 4.1.,
151507,donor_1,rna_capture_spline_mech,1,1,,degenerate embedding: effective rank 6 < G=7 (condition number 9.83e+12). Refusing to fit -- a 7-component mixture in 6 dimensions is not a meaningful clustering. See the degeneracy note in this function and PAPER_PLAN.md 4.1.,
151507,donor_1,rna_capture_spline_mech,2,2,,degenerate embedding: effective rank 5 < G=7 (condition number 3.02e+13). Refusing to fit -- a 7-component mixture in 5 dimensions is not a meaningful clustering. See the degeneracy note in this function and PAPER_PLAN.md 4.1.,
151507,donor_1,rna_capture_spline_mech,3,3,,degenerate embedding: effective rank 5 < G=7 (condition number 1.39e+13). Refusing to fit -- a 7-component mixture in 5 dimensions is not a meaningful clustering. See the degeneracy note in this function and PAPER_PLAN.md 4.1.,
151507,donor_1,rna_capture_spline_mech,4,4,,degenerate embedding: effective rank 4 < G=7 (condition number 1.25e+14). Refusing to fit -- a 7-component mixture in 4 dimensions is not a meaningful clustering. See the degeneracy note in this function and PAPER_PLAN.md 4.1.,
151507,donor_1,panel_capture_spline_mech,0,0,,degenerate embedding: effective rank 5 < G=7 (condition number 6.43e+11). Refusing to fit -- a 7-component mixture in 5 dimensions is not a meaningful clustering. See the degeneracy note in this function and PAPER_PLAN.md 4.1.,
151507,donor_1,panel_capture_spline_mech,1,1,0.1378587540130382,ok,/panfs/accrepfs.vampire/data/maiziezhou_lab/leiy4/snv_calling/data/dlpfc_spatial_signal_mechanism_2026-08-26/151507/clustering/panel_capture_spline_mech/run1/ari.txt
151507,donor_1,panel_capture_spline_mech,2,2,,degenerate embedding: effective rank 6 < G=7 (condition number 1.72e+12). Refusing to fit -- a 7-component mixture in 6 dimensions is not a meaningful clustering. See the degeneracy note in this function and PAPER_PLAN.md 4.1.,
151507,donor_1,panel_capture_spline_mech,3,3,,degenerate embedding: effective rank 6 < G=7 (condition number 2.15e+12). Refusing to fit -- a 7-component mixture in 6 dimensions is not a meaningful clustering. See the degeneracy note in this function and PAPER_PLAN.md 4.1.,
151507,donor_1,panel_capture_spline_mech,4,4,,degenerate embedding: effective rank 5 < G=7 (condition number 3.25e+12). Refusing to fit -- a 7-component mixture in 5 dimensions is not a meaningful clustering. See the degeneracy note in this function and PAPER_PLAN.md 4.1.,
151507,donor_1,combined_capture_spline_mech,0,0,0.1576245664224559,ok,/panfs/accrepfs.vampire/data/maiziezhou_lab/leiy4/snv_calling/data/dlpfc_spatial_signal_mechanism_2026-08-26/151507/clustering/combined_capture_spline_mech/run0/ari.txt
151507,donor_1,combined_capture_spline_mech,1,1,0.2002425485562915,ok,/panfs/accrepfs.vampire/data/maiziezhou_lab/leiy4/snv_calling/data/dlpfc_spatial_signal_mechanism_2026-08-26/151507/clustering/combined_capture_spline_mech/run1/ari.txt
151507,donor_1,combined_capture_spline_mech,2,2,,degenerate embedding: effective rank 6 < G=7 (condition number 3.33e+11). Refusing to fit -- a 7-component mixture in 6 dimensions is not a meaningful clustering. See the degeneracy note in this function and PAPER_PLAN.md 4.1.,
151507,donor_1,combined_capture_spline_mech,3,3,0.1651112945047103,ok,/panfs/accrepfs.vampire/data/maiziezhou_lab/leiy4/snv_calling/data/dlpfc_spatial_signal_mechanism_2026-08-26/151507/clustering/combined_capture_spline_mech/run3/ari.txt
151507,donor_1,combined_capture_spline_mech,4,4,0.1836813038212408,ok,/panfs/accrepfs.vampire/data/maiziezhou_lab/leiy4/snv_calling/data/dlpfc_spatial_signal_mechanism_2026-08-26/151507/clustering/combined_capture_spline_mech/run4/ari.txt
