section,donor,modality,metric,layer_eta_squared,morans_i,spearman_total_umi,spearman_detected_genes,mean,sd,method_label
151507,donor_1,matched_presence,nonzero_features,0.2865939401783466,0.503950500019592,0.9738983717059218,0.9728937238563816,265.922056384743,125.4662258728092,Matched presence
151507,donor_1,total_depth,nonzero_features,0.277832828057917,0.4934201323061501,0.9724152309355956,0.9728547789551004,170.5735607675906,84.78148174487511,Total depth
151507,donor_1,ref_depth,nonzero_features,0.255913397271779,0.46642417253337,0.9544705239498212,0.9555411246345528,59.39374555792466,30.545547392405865,REF depth
151507,donor_1,alt_depth,nonzero_features,0.2717238582593258,0.4831618001062512,0.9678217327994428,0.9676923528053222,125.9874437337124,65.47163525968212,ALT depth
151507,donor_1,projected_expression,nonzero_features,0.3864432106417731,0.5900460202288019,0.9919338849562146,0.9972511713029728,1047.632551528074,386.9377199504465,Projected expression
151508,donor_1,matched_presence,nonzero_features,0.3120161920776418,0.5489901353880837,0.9724792487347655,0.9747567510066608,215.3129422506277,107.4360545188874,Matched presence
151508,donor_1,total_depth,nonzero_features,0.3054569306782212,0.5369677750660299,0.9692360497073096,0.9732298767843371,143.4818534581146,75.32724893538196,Total depth
151508,donor_1,ref_depth,nonzero_features,0.2800336442459227,0.4968630174143895,0.9475446520687388,0.951015044009328,49.39169139465876,27.12182167628347,REF depth
151508,donor_1,alt_depth,nonzero_features,0.2978377104490319,0.5294740052801018,0.9641389078469026,0.9678575997888842,105.90116411778132,57.80533137261385,ALT depth
151508,donor_1,projected_expression,nonzero_features,0.4023422321600194,0.6220057239828811,0.9908854892157664,0.9972241344000672,860.8534581145857,340.74182132092807,Projected expression
151509,donor_1,matched_presence,nonzero_features,0.4381301587646118,0.5764313678239001,0.9764776894104216,0.9750538125931436,270.7794486215539,131.66024943733584,Matched presence
151509,donor_1,total_depth,nonzero_features,0.4261954496145151,0.5642281630469151,0.9747015663750074,0.9743945479982402,174.8893065998329,89.1086996040972,Total depth
151509,donor_1,ref_depth,nonzero_features,0.3907404034255566,0.5284774783837152,0.960597921380734,0.9603970967537008,59.86466165413534,31.83731325995237,REF depth
151509,donor_1,alt_depth,nonzero_features,0.4187191324252455,0.5552502009369723,0.970203677312762,0.9695358525452176,129.58020050125313,68.5858135977141,ALT depth
151509,donor_1,projected_expression,nonzero_features,0.4969474328989255,0.6488787378216115,0.9932523290731886,0.9977397482237144,1075.3861737677528,413.8071630661138,Projected expression
151510,donor_1,matched_presence,nonzero_features,0.3487931962574378,0.5140804626679195,0.974581341760456,0.9742159358698969,252.4193688792165,119.080615588599,Matched presence
151510,donor_1,total_depth,nonzero_features,0.3383179193506187,0.4988252292292021,0.9723831790134996,0.9732780446637976,164.2633297062024,81.80538673869837,Total depth
151510,donor_1,ref_depth,nonzero_features,0.3089303562030889,0.4715441778050735,0.9546378316722912,0.9559915933171548,56.45179542981501,29.4393904312503,REF depth
151510,donor_1,alt_depth,nonzero_features,0.3294134977077705,0.4860938395968993,0.9671568144725248,0.9676690135133632,121.59673558215452,63.058937060550505,ALT depth
151510,donor_1,projected_expression,nonzero_features,0.4191967998806414,0.5929090143301106,0.9930118026337826,0.9972676838953,1011.8439608269858,374.2658831331765,Projected expression
151669,donor_2,matched_presence,nonzero_features,0.3837495875020594,0.6232208767166656,0.982590254843974,0.9865523921873974,346.6122112211221,161.5936305522111,Matched presence
151669,donor_2,total_depth,nonzero_features,0.3802439364779979,0.612507887370338,0.9804025380075574,0.98560649041014,225.09598459845984,110.98307522850897,Total depth
151669,donor_2,ref_depth,nonzero_features,0.3827645691843367,0.6018959324980264,0.9697475591200556,0.9745601983467734,81.87431243124313,42.95485119446825,REF depth
151669,donor_2,alt_depth,nonzero_features,0.3759309771060324,0.6021856638678799,0.9771574435524072,0.982131481421012,167.63888888888889,86.61424039653932,ALT depth
151669,donor_2,projected_expression,nonzero_features,0.4105924693590204,0.6816139357788683,0.9918192110725532,0.9981546863226542,1319.2706270627064,481.9950642304453,Projected expression
151670,donor_2,matched_presence,nonzero_features,0.3348333567900165,0.6146385699841497,0.9825210031959704,0.9871399833912908,306.8639494833525,145.16711292542095,Matched presence
151670,donor_2,total_depth,nonzero_features,0.3379459722478818,0.6071225854017117,0.9805631256541388,0.98666071969766,208.31716417910448,104.2503975460708,Total depth
151670,donor_2,ref_depth,nonzero_features,0.3405606908605618,0.5959747934318786,0.9699287739268412,0.9748502272221852,76.00947187141217,39.91740427451408,REF depth
151670,donor_2,alt_depth,nonzero_features,0.3354916665329803,0.5989578149723114,0.977628253260066,0.9835674925966424,154.32146957520092,80.98301042585223,ALT depth
151670,donor_2,projected_expression,nonzero_features,0.375771700556526,0.6752840179129747,0.9924369362683708,0.9981168089160284,1217.7101033295064,470.93613296609,Projected expression
151671,donor_2,matched_presence,nonzero_features,0.4260144298483202,0.6211280827276863,0.975201463722808,0.975187469075649,369.9753237234302,178.48431991996378,Matched presence
151671,donor_2,total_depth,nonzero_features,0.4115156561469698,0.6096360518571906,0.975979944646775,0.9780494078652272,242.52382115807475,121.06840218723188,Total depth
151671,donor_2,ref_depth,nonzero_features,0.3868335662077914,0.585458480577931,0.9694958791835068,0.9715103948006724,89.33764964573662,46.64712117116332,REF depth
151671,donor_2,alt_depth,nonzero_features,0.4029240109901935,0.5990699069466519,0.9723270234293948,0.9736719902078632,180.805032983142,94.26315423770352,ALT depth
151671,donor_2,projected_expression,nonzero_features,0.4865000529315441,0.6921771932477799,0.9908718297319652,0.9978820582474924,1398.698265331053,523.0879152726119,Projected expression
151672,donor_2,matched_presence,nonzero_features,0.379499818795485,0.5496513213199126,0.97605742846676,0.9785696136153224,334.68621399176953,154.56138590085192,Matched presence
151672,donor_2,total_depth,nonzero_features,0.3570055719875378,0.5266622159914047,0.9741266431139128,0.978812403560094,223.8099279835391,108.8054179038027,Total depth
151672,donor_2,ref_depth,nonzero_features,0.332162566433155,0.5050125400785551,0.9649436435580024,0.968986072946554,81.52417695473251,41.389528106443024,REF depth
151672,donor_2,alt_depth,nonzero_features,0.3440752042992474,0.5132474923784855,0.9695571075015262,0.9738396357819646,166.7229938271605,84.76331830290816,ALT depth
151672,donor_2,projected_expression,nonzero_features,0.4418715907676636,0.6174531979749931,0.987766250256593,0.99754987466787,1304.3168724279835,480.4289400778146,Projected expression
151673,donor_3,matched_presence,nonzero_features,0.239664744704253,0.6197377908421504,0.9767579354839032,0.9742342771815508,400.4400443090557,182.57523175532424,Matched presence
151673,donor_3,total_depth,nonzero_features,0.2335188519204947,0.6083989989494372,0.9744716562066432,0.97383881977601,271.6244807532539,128.92876575723778,Total depth
151673,donor_3,ref_depth,nonzero_features,0.2143285597255859,0.5905275736757919,0.9614143647685532,0.9616357289119576,99.39185821102188,49.50486640180869,REF depth
151673,donor_3,alt_depth,nonzero_features,0.230283012257746,0.6038008557773226,0.9715980124092066,0.9703185314886338,203.3370257546386,101.22067061335596,ALT depth
151673,donor_3,projected_expression,nonzero_features,0.2901114960530857,0.6294669806660603,0.9919301181814596,0.9971521662896764,1667.8565494322902,568.6521188393511,Projected expression
151674,donor_3,matched_presence,nonzero_features,0.2859869850830865,0.6491204309591849,0.973053580748163,0.9664674005811952,574.2618982118295,250.60189150434945,Matched presence
151674,donor_3,total_depth,nonzero_features,0.2764881320708314,0.6403889472288435,0.9740358223982032,0.9702693340274634,339.65942228335626,153.1114780873307,Total depth
151674,donor_3,ref_depth,nonzero_features,0.2557135585648938,0.6182507624778031,0.9658707754196004,0.9638088949569094,126.10453920220084,59.8537425905152,REF depth
151674,donor_3,alt_depth,nonzero_features,0.2766695949349861,0.6384024160142997,0.9705789239568894,0.9657706955959868,254.74470426409903,121.50744944706013,ALT depth
151674,donor_3,projected_expression,nonzero_features,0.3060633511335642,0.649809190251948,0.9918643362070128,0.9964624180801012,2073.7617606602475,614.3960677863612,Projected expression
151675,donor_3,matched_presence,nonzero_features,0.2745108528575225,0.6583162234049742,0.975767383874722,0.973848455415085,305.11749859786875,162.5304835880625,Matched presence
151675,donor_3,total_depth,nonzero_features,0.2662403767115792,0.6474953270770452,0.9746212545644216,0.9749619878403885,210.69433538979249,117.12896912455687,Total depth
151675,donor_3,ref_depth,nonzero_features,0.2467388083450389,0.6251860605666864,0.9602462364118132,0.9620483059491414,75.89876612450925,44.04742528576226,REF depth
151675,donor_3,alt_depth,nonzero_features,0.2642865253552882,0.644651492951714,0.9718005135368056,0.9715144858930752,156.24088614694335,91.2878108400242,ALT depth
151675,donor_3,projected_expression,nonzero_features,0.2892770025582287,0.6347542280962712,0.991579779318974,0.9977491808934742,1337.9231632080762,514.4580148657925,Projected expression
151676,donor_3,matched_presence,nonzero_features,0.2471271446598523,0.616996197451949,0.9741692279438832,0.9653752340084956,349.3867677062081,164.90115545211174,Matched presence
151676,donor_3,total_depth,nonzero_features,0.2319917349186278,0.6076305725206331,0.9732449047994298,0.96744090127632,224.83124453512096,111.91836046201942,Total depth
151676,donor_3,ref_depth,nonzero_features,0.2151105618196145,0.5887203920417147,0.9597706429967954,0.9562585574164254,80.52579422908772,42.35840151288208,REF depth
151676,donor_3,alt_depth,nonzero_features,0.2334722334873985,0.6038911966603518,0.9688442897854654,0.9618849142832964,167.54065870008745,87.54856599169612,ALT depth
151676,donor_3,projected_expression,nonzero_features,0.1995757182862142,0.6132881528572575,0.9885071242765242,0.9972983714716732,1456.06208102594,495.1745246909098,Projected expression
